,route_id,overall_n_obs,overall_delay_mean,overall_delay_median,overall_delay_std,overall_delay_p90,overall_early_pct,overall_on_time_pct,overall_otp_pct,overall_late_pct,overall_very_late_pct,overall_n_trips,early_morning_n_obs,am_peak_n_obs,midday_n_obs,pm_peak_n_obs,evening_n_obs,early_morning_delay_mean,am_peak_delay_mean,midday_delay_mean,pm_peak_delay_mean,evening_delay_mean,early_morning_delay_median,am_peak_delay_median,midday_delay_median,pm_peak_delay_median,evening_delay_median,early_morning_delay_std,am_peak_delay_std,midday_delay_std,pm_peak_delay_std,evening_delay_std,early_morning_delay_p90,am_peak_delay_p90,midday_delay_p90,pm_peak_delay_p90,evening_delay_p90,early_morning_early_pct,am_peak_early_pct,midday_early_pct,pm_peak_early_pct,evening_early_pct,early_morning_on_time_pct,am_peak_on_time_pct,midday_on_time_pct,pm_peak_on_time_pct,evening_on_time_pct,early_morning_otp_pct,am_peak_otp_pct,midday_otp_pct,pm_peak_otp_pct,evening_otp_pct,early_morning_late_pct,am_peak_late_pct,midday_late_pct,pm_peak_late_pct,evening_late_pct,early_morning_very_late_pct,am_peak_very_late_pct,midday_very_late_pct,pm_peak_very_late_pct,evening_very_late_pct,n_ghost_trips,ghost_rate_pct
0,169,1411.0,4.87,3.7,5.92,12.7,9.71,35.86,45.57,54.43,5.39,44,72.0,332.0,235.0,369.0,403.0,1.2,6.06,7.62,4.97,2.85,0.45,3.9,7.4,4.7,2.2,5.5,8.09,3.92,6.19,2.77,8.78,21.19,13.46,14.0,6.4,30.56,13.25,0.43,15.45,3.23,37.5,32.23,11.06,25.2,62.78,68.06,45.48,11.49,40.65,66.0,31.94,54.52,88.51,59.35,34.0,0.0,14.76,0.85,6.78,0.0,9,16.98
1,62,62559.0,4.59,2.8,7.9,14.0,16.69,34.84,51.52,48.48,8.46,1264,6085.0,11926.0,16835.0,16306.0,11407.0,9.85,3.49,4.46,4.08,3.87,3.4,2.3,3.3,3.1,2.3,13.58,5.05,7.17,7.41,6.77,33.8,10.7,14.0,13.6,12.6,11.21,15.6,17.01,20.0,15.53,35.45,40.42,31.07,29.98,41.19,46.66,56.02,48.08,49.98,56.71,53.34,43.98,51.92,50.02,43.29,25.51,2.93,7.97,7.66,7.02,333,20.85
2,201,14465.0,3.51,2.3,5.06,9.6,11.67,43.86,55.53,44.47,2.48,484,245.0,3175.0,4691.0,4846.0,1508.0,-0.58,2.42,3.04,4.27,5.55,-0.7,1.4,2.1,3.35,3.7,1.52,4.09,4.53,4.8,7.8,1.3,7.66,8.7,10.1,14.3,39.59,15.34,13.41,6.6,10.28,58.37,49.39,45.11,40.88,35.61,97.96,64.72,58.52,47.48,45.89,2.04,35.28,41.48,52.52,54.11,0.0,1.26,1.36,2.6,8.55,39,7.46
3,171,4465.0,7.0,1.6,12.14,29.2,18.72,40.27,58.99,41.01,20.18,448,,1140.0,1539.0,1615.0,171.0,,-0.24,4.43,13.5,16.85,,-0.4,1.0,9.7,11.0,,2.89,9.96,13.43,17.17,,3.4,17.62,32.76,39.0,,35.79,16.05,10.4,7.6,,52.19,55.36,19.07,25.15,,87.98,71.41,29.47,32.75,,12.02,28.59,70.53,67.25,,0.0,11.96,40.06,40.94,111,19.86
4,50,58589.0,2.82,1.7,5.61,10.3,21.4,39.21,60.61,39.39,3.1,1183,1146.0,11847.0,16985.0,16701.0,11910.0,-0.77,1.83,3.07,4.1,2.0,-1.2,1.0,2.1,3.1,0.9,2.48,4.52,5.04,6.72,5.38,1.55,8.1,10.1,13.0,8.8,54.19,25.35,18.33,17.92,23.56,39.44,43.25,39.71,31.38,45.45,93.63,68.6,58.03,49.3,69.01,6.37,31.4,41.97,50.7,30.99,0.0,1.1,2.21,6.29,2.18,134,10.17
5,206,2267.0,2.8,1.5,5.09,9.2,17.07,44.73,61.8,38.2,3.53,96,,676.0,227.0,1364.0,,,1.17,1.91,3.76,,,0.6,0.3,2.3,,,3.1,4.75,5.68,,,5.8,10.0,11.64,,,23.52,17.18,13.86,,,49.56,53.74,40.84,,,73.08,70.93,54.69,,,26.92,29.07,45.31,,,0.0,0.0,5.87,,19,16.52
6,54A,6611.0,2.0,1.1,5.57,8.2,26.65,38.35,65.0,35.0,3.18,192,8.0,2349.0,869.0,3352.0,33.0,-1.68,2.02,2.29,1.91,2.28,-1.7,0.8,0.8,1.5,0.2,0.71,6.11,6.15,4.96,8.02,-1.0,9.1,7.32,8.2,16.6,62.5,26.69,27.04,26.31,39.39,37.5,43.55,37.51,34.96,33.33,100.0,70.24,64.56,61.28,72.73,0.0,29.76,35.44,38.72,27.27,0.0,5.41,4.26,1.19,18.18,15,7.25
7,65,47475.0,2.36,1.0,5.84,9.7,27.46,38.19,65.66,34.34,4.06,1214,904.0,9367.0,12784.0,15248.0,9172.0,0.84,2.48,1.81,2.51,2.93,0.3,0.7,0.5,1.5,1.4,2.79,6.16,5.3,5.95,6.17,4.5,10.2,8.6,10.2,10.5,22.01,26.49,30.84,27.99,23.42,60.84,42.03,38.83,33.05,39.7,82.85,68.52,69.67,61.04,63.12,17.15,31.48,30.33,38.96,36.88,0.0,5.66,2.73,3.53,5.55,129,9.61
8,54B,26884.0,2.91,1.3,6.71,11.3,22.05,43.62,65.67,34.33,6.45,935,909.0,5031.0,7845.0,7369.0,5730.0,0.67,0.32,2.1,5.84,2.9,0.7,-0.2,1.2,3.3,1.5,3.07,4.31,4.96,8.52,6.9,4.4,4.1,8.0,18.2,11.2,26.18,34.37,21.92,14.45,20.52,55.23,51.68,45.34,33.32,45.58,81.41,86.05,67.27,47.77,66.11,18.59,13.95,32.73,52.23,33.89,0.0,1.99,2.35,14.79,6.28,65,6.5
9,62H,8550.0,3.28,1.4,7.0,10.7,14.94,51.38,66.32,33.68,6.44,458,427.0,2124.0,2498.0,2744.0,757.0,0.61,2.85,2.86,4.46,3.11,0.3,1.0,1.3,2.3,1.0,2.18,6.1,8.35,6.79,6.32,3.94,9.07,8.6,14.87,10.64,17.56,16.38,15.65,13.19,13.34,69.09,55.04,51.8,42.82,60.77,86.65,71.42,67.45,56.01,74.11,13.35,28.58,32.55,43.99,25.89,0.0,5.23,4.12,9.8,8.98,48,9.49
10,30,31151.0,2.05,1.0,5.33,9.1,24.74,42.85,67.59,32.41,2.56,887,1149.0,6796.0,9754.0,8409.0,5043.0,0.77,0.59,1.23,3.56,3.35,0.1,0.1,0.7,2.2,2.3,4.19,4.23,4.77,6.14,5.52,6.7,6.1,6.9,12.2,11.0,28.55,33.42,27.29,18.66,17.39,53.87,45.25,46.28,38.29,38.09,82.42,78.66,73.57,56.95,55.48,17.58,21.34,26.43,43.05,44.52,0.87,0.59,1.2,5.98,2.5,140,13.63
11,2,9488.0,1.88,1.2,4.58,7.5,23.99,43.7,67.69,32.31,1.61,273,6.0,3319.0,95.0,5547.0,521.0,-2.35,1.92,-0.61,1.92,1.57,-2.65,1.5,-0.9,1.0,1.4,0.82,4.14,3.44,4.88,3.85,-1.4,6.7,2.74,8.3,6.2,83.33,20.55,47.37,25.49,24.95,16.67,46.07,43.16,41.97,47.41,100.0,66.62,90.53,67.46,72.36,0.0,33.38,9.47,32.54,27.64,0.0,0.87,0.0,2.24,0.0,33,10.78
12,103,21475.0,2.38,1.4,4.86,8.0,16.52,51.36,67.87,32.13,2.37,1020,923.0,4651.0,6118.0,5743.0,4040.0,0.64,0.71,3.24,2.73,2.88,0.6,0.5,1.9,1.9,1.8,2.93,3.06,5.99,4.68,4.68,3.1,4.6,9.6,9.1,8.7,17.44,23.31,15.64,15.64,11.06,71.51,59.3,46.36,46.72,51.78,88.95,82.61,62.0,62.35,62.85,11.05,17.39,38.0,37.65,37.15,0.11,0.04,3.91,2.37,3.22,122,10.68
13,165,1036.0,2.41,1.3,4.39,7.6,11.78,56.27,68.05,31.95,2.22,75,39.0,553.0,42.0,402.0,,0.45,2.88,0.35,2.15,,0.6,2.6,0.2,0.85,,1.38,3.95,1.12,5.17,,1.96,8.6,1.86,5.6,,15.38,12.12,4.76,11.69,,82.05,43.76,92.86,67.16,,97.44,55.88,97.62,78.86,,2.56,44.12,2.38,21.14,,0.0,0.0,0.0,5.72,,20,21.05
14,X49,22803.0,1.54,0.9,5.11,8.1,29.06,39.03,68.09,31.91,1.1,359,180.0,9511.0,761.0,12315.0,36.0,-0.84,2.28,2.7,0.91,11.4,-1.0,1.3,0.8,0.5,10.85,2.45,5.07,5.73,5.0,4.65,2.31,8.6,11.9,7.2,14.7,43.89,23.1,26.02,33.72,0.0,51.67,42.31,39.03,36.43,0.0,95.56,65.41,65.05,70.15,0.0,4.44,34.59,34.95,29.85,100.0,0.0,1.37,2.23,0.81,11.11,84,18.96
15,22,92205.0,1.69,0.8,6.2,8.3,30.44,37.7,68.14,31.86,2.64,1674,6953.0,15450.0,26732.0,25337.0,17733.0,5.11,1.14,1.17,1.21,2.31,1.0,0.6,0.6,0.6,1.6,11.89,4.76,5.01,5.5,6.13,24.88,7.2,7.3,7.9,9.6,27.23,30.29,32.44,33.42,24.55,37.18,42.58,37.27,36.35,36.25,64.4,72.87,69.71,69.77,60.8,35.6,27.13,30.29,30.23,39.2,16.45,1.3,0.87,1.23,3.08,435,20.63
16,86,15589.0,1.97,1.2,4.8,7.9,22.74,45.49,68.23,31.77,1.97,514,192.0,3499.0,4504.0,5293.0,2101.0,-0.14,1.8,1.63,2.78,1.16,0.0,1.3,0.6,1.9,0.5,1.8,4.06,5.17,5.16,4.01,2.09,7.0,7.5,9.3,6.5,29.17,21.26,27.75,16.83,28.75,67.71,47.21,44.92,44.15,45.22,96.88,68.48,72.67,60.99,73.96,3.12,31.52,27.33,39.01,26.04,0.0,0.2,3.17,2.76,0.52,37,6.72
17,N5,2559.0,6.41,0.7,12.81,30.0,25.24,43.45,68.7,31.3,20.36,77,2495.0,2.0,,,62.0,6.6,0.25,,,-0.99,0.8,0.25,,,-1.0,12.91,0.07,,,1.4,30.0,0.29,,,0.79,24.69,0.0,,,48.39,43.21,100.0,,,51.61,67.9,100.0,,,100.0,32.1,0.0,,,0.0,20.88,0.0,,,0.0,107,58.15
18,36,78461.0,1.37,0.4,5.98,8.1,33.92,36.84,70.76,29.24,2.48,1385,3311.0,12159.0,24510.0,23206.0,15275.0,6.7,0.9,1.07,1.1,1.45,0.7,0.2,0.3,0.4,0.7,13.28,5.11,5.35,5.24,5.49,30.4,7.1,7.6,7.7,8.4,29.27,34.69,35.01,34.63,31.48,34.85,40.44,36.78,35.45,36.63,64.12,75.13,71.8,70.08,68.11,35.88,24.87,28.2,29.92,31.89,22.68,1.64,2.0,1.33,1.28,177,11.33
19,148,5374.0,1.9,1.0,5.64,7.97,25.4,45.44,70.84,29.16,4.0,193,2.0,2699.0,12.0,2621.0,40.0,-1.5,2.1,-1.8,1.8,-3.9,-1.5,1.5,-1.45,0.6,-4.45,0.71,4.34,1.28,6.7,2.75,-1.1,7.5,-0.56,10.0,0.13,50.0,19.38,83.33,30.56,75.0,50.0,48.8,16.67,42.43,25.0,100.0,68.17,100.0,72.99,100.0,0.0,31.83,0.0,27.01,0.0,0.0,1.59,0.0,6.56,0.0,35,15.35
20,49,120523.0,1.48,0.4,5.78,8.2,31.33,40.52,71.85,28.15,2.54,1930,8452.0,20371.0,37855.0,29238.0,24607.0,3.61,0.7,0.97,1.27,2.43,0.6,-0.0,0.1,0.6,1.4,10.84,4.39,4.71,5.32,6.0,19.1,6.1,7.0,8.2,9.8,26.74,33.56,35.08,32.56,23.84,42.42,45.82,40.87,37.22,38.88,69.16,79.38,75.95,69.78,62.72,30.84,20.62,24.05,30.22,37.28,12.32,1.14,1.54,1.55,3.06,455,19.08
21,53,149078.0,1.37,0.2,6.68,8.5,35.14,37.12,72.26,27.74,3.81,2090,11162.0,26005.0,42775.0,35794.0,33342.0,4.33,0.82,1.06,1.38,1.2,0.6,-0.1,0.1,0.5,0.4,12.49,5.05,5.64,6.91,5.68,20.6,6.9,8.0,9.2,7.7,31.47,37.95,37.87,34.11,31.8,35.0,36.82,35.23,35.6,42.12,66.48,74.76,73.1,69.7,73.92,33.52,25.24,26.9,30.3,26.08,14.47,1.73,2.85,4.13,2.78,528,20.17
22,73,35552.0,0.85,0.2,5.64,7.4,34.87,37.47,72.34,27.66,1.78,1177,925.0,8089.0,10772.0,11310.0,4456.0,-0.73,0.09,1.04,0.97,1.82,-0.8,-0.3,0.4,0.3,1.4,2.13,3.93,6.03,6.53,5.07,1.86,4.9,8.0,8.8,7.5,43.78,38.89,33.11,37.37,23.65,52.11,42.72,37.58,30.96,41.14,95.89,81.62,70.69,68.33,64.79,4.11,18.38,29.31,31.67,35.21,0.0,0.14,2.14,2.88,1.48,144,10.9
23,28,37234.0,1.53,0.6,4.94,7.0,26.36,46.38,72.74,27.26,1.7,1213,1390.0,7944.0,9844.0,11392.0,6664.0,4.1,1.54,1.45,1.63,0.94,-0.2,0.9,0.9,0.7,0.3,11.52,4.13,4.42,4.71,4.42,27.22,6.7,6.7,7.8,6.3,32.88,23.88,24.98,26.3,30.12,46.62,47.66,47.44,44.44,46.53,79.5,71.54,72.42,70.74,76.65,20.5,28.46,27.58,29.26,23.35,15.18,0.55,1.18,1.66,1.08,90,6.91
24,157,28687.0,1.21,0.4,4.89,7.4,32.96,40.03,72.99,27.01,1.89,632,167.0,6586.0,8635.0,9139.0,4160.0,0.55,1.73,0.94,1.29,0.83,0.5,0.8,0.3,0.4,-0.3,1.83,4.47,4.26,5.58,5.15,2.74,7.5,6.0,8.3,7.6,18.56,25.25,31.93,35.97,41.3,73.05,45.96,45.5,32.91,33.58,91.62,71.21,77.43,68.88,74.88,8.38,28.79,22.57,31.12,25.12,0.0,1.66,1.44,2.36,2.26,48,7.06
25,39,17668.0,1.37,0.8,4.58,6.6,24.48,48.55,73.02,26.98,1.29,622,351.0,3784.0,5880.0,5198.0,2455.0,-2.17,1.15,1.02,2.68,0.32,-0.7,1.0,0.6,1.6,-0.0,4.38,3.54,4.5,5.36,3.55,1.5,5.6,6.1,10.1,4.2,42.74,22.65,26.67,21.3,26.19,54.7,49.71,48.72,41.69,59.96,97.44,72.36,75.39,62.99,86.15,2.56,27.64,24.61,37.01,13.85,0.0,0.0,0.92,3.27,0.16,88,12.39
26,155,30878.0,1.93,0.8,5.5,7.8,23.29,49.77,73.06,26.94,3.11,1604,1144.0,5262.0,8665.0,8838.0,6969.0,7.51,0.46,1.14,3.75,0.79,1.2,0.2,0.6,2.1,0.4,12.76,3.83,3.91,6.33,3.69,25.47,4.3,5.6,12.43,5.1,18.97,29.44,24.04,17.68,25.51,44.14,53.86,54.59,39.78,54.28,63.11,83.3,78.63,57.47,79.8,36.89,16.7,21.37,42.53,20.2,25.7,0.68,0.83,5.96,0.44,165,9.33
27,70,46920.0,1.34,0.0,5.7,8.7,36.05,37.13,73.18,26.82,3.19,1486,1197.0,10110.0,14616.0,12413.0,8584.0,-0.32,0.58,0.47,3.44,0.94,-0.9,-0.4,-0.5,1.9,-0.2,3.54,4.49,4.76,7.07,5.68,1.5,5.9,6.3,13.5,8.2,44.95,39.42,41.3,24.96,37.93,49.46,41.01,37.73,31.88,37.42,94.4,80.43,79.03,56.84,75.35,5.6,19.57,20.97,43.16,24.65,2.26,1.45,1.33,7.3,2.57,142,8.72
28,6,61373.0,1.32,0.3,5.67,7.5,32.24,40.95,73.19,26.81,2.5,1496,2859.0,10473.0,19337.0,16008.0,12696.0,6.94,0.82,0.45,1.56,1.5,1.2,0.3,-0.1,0.8,0.6,13.13,4.24,4.5,5.18,5.34,29.12,6.1,5.8,8.1,8.1,24.31,31.14,36.86,30.28,30.38,36.69,46.13,41.86,38.11,39.85,61.0,77.27,78.71,68.39,70.23,39.0,22.73,21.29,31.61,29.77,24.03,0.55,0.84,1.94,2.5,232,13.43
29,97,23932.0,1.37,0.7,5.37,6.9,26.63,46.65,73.28,26.72,2.19,829,431.0,4536.0,7361.0,6395.0,5209.0,0.97,0.93,1.16,1.62,1.79,0.5,0.5,0.5,1.1,0.6,4.55,4.19,4.41,5.25,7.34,5.0,5.6,6.1,7.6,8.8,19.95,26.21,27.35,25.63,27.74,62.88,50.9,48.85,41.56,44.75,82.83,77.12,76.2,67.19,72.49,17.17,22.88,23.8,32.81,27.51,1.86,0.88,1.56,1.52,5.09,66,7.37
30,47,74412.0,1.57,0.1,6.07,8.3,32.86,40.47,73.33,26.67,3.21,1968,4552.0,12705.0,23813.0,19227.0,14115.0,6.04,0.83,0.92,2.13,1.13,0.6,-0.0,0.0,0.5,0.1,13.23,4.03,4.75,6.15,5.03,26.0,6.2,7.1,10.0,7.3,27.5,33.29,35.48,31.85,31.18,38.38,43.38,40.58,35.57,44.99,65.88,76.68,76.06,67.42,76.17,34.12,23.32,23.94,32.58,23.83,20.98,0.55,1.65,3.82,1.69,250,11.27
31,59,22545.0,1.28,0.6,4.99,6.8,27.0,46.33,73.34,26.66,1.53,720,394.0,5115.0,7491.0,6719.0,2826.0,-1.04,0.29,0.58,3.02,1.1,-1.4,-0.1,0.2,2.5,0.1,2.31,4.16,3.76,6.14,5.3,2.3,4.9,5.0,10.1,6.1,59.9,34.51,28.63,17.53,27.03,34.26,46.12,51.98,38.46,52.16,94.16,80.63,80.62,55.99,79.19,5.84,19.37,19.38,44.01,20.81,0.0,0.7,0.41,2.89,3.01,66,8.4
32,60,85349.0,1.24,0.3,5.54,7.5,34.05,39.37,73.42,26.58,2.38,1926,4828.0,15383.0,26321.0,22750.0,16067.0,4.03,0.89,0.99,1.45,0.86,0.7,0.3,0.4,0.6,-0.1,10.19,4.19,4.85,5.64,5.37,19.0,6.08,6.9,8.5,6.9,25.54,33.34,33.6,33.76,38.42,46.54,43.59,39.88,35.52,37.79,72.08,76.94,73.49,69.27,76.21,27.92,23.06,26.51,30.73,23.79,12.78,0.81,1.11,2.87,2.13,260,11.89
33,126,36369.0,1.0,0.4,4.63,6.9,31.44,42.07,73.5,26.5,0.71,1144,657.0,7563.0,10715.0,9919.0,7515.0,-0.08,0.54,0.96,1.5,0.96,-0.5,-0.0,0.4,0.7,0.4,2.63,4.2,4.46,4.92,4.96,3.24,6.08,6.2,8.2,7.0,39.12,35.42,29.42,30.44,30.95,49.77,41.85,46.57,36.66,42.33,88.89,77.27,75.99,67.09,73.28,11.11,22.73,24.01,32.91,26.72,0.0,0.29,0.77,0.76,1.04,77,6.31
34,85A,6517.0,1.91,0.8,3.85,7.1,15.33,58.54,73.87,26.13,0.72,571,158.0,1517.0,2173.0,1800.0,869.0,-0.5,1.29,2.45,2.35,1.15,-0.5,0.3,1.2,1.3,0.4,1.83,3.38,3.84,4.47,3.01,1.43,7.0,8.1,7.0,5.54,32.28,20.24,10.4,13.33,20.14,63.92,59.2,57.85,57.11,61.1,96.2,79.43,68.25,70.44,81.24,3.8,20.57,31.75,29.56,18.76,0.0,0.07,0.51,1.94,0.0,82,12.56
35,63W,12209.0,2.38,0.4,8.35,9.6,25.22,49.08,74.3,25.7,5.81,792,603.0,2370.0,3136.0,3421.0,2679.0,-0.17,1.76,2.69,3.02,2.32,-0.6,0.1,0.6,0.7,0.6,2.45,9.38,9.38,8.1,7.06,3.3,7.0,11.5,12.0,8.6,35.82,27.68,24.14,23.91,23.59,52.9,53.59,46.14,46.48,50.99,88.72,81.27,70.28,70.39,74.58,11.28,18.73,29.72,29.61,25.42,0.0,4.3,7.46,7.98,3.73,99,11.11
36,X9,24672.0,0.94,0.3,4.62,6.8,32.43,41.92,74.36,25.64,0.77,424,717.0,8362.0,3099.0,10096.0,2398.0,0.33,-0.14,0.25,1.39,3.85,-0.0,-0.5,0.0,0.9,3.2,3.07,3.83,3.11,5.08,5.47,3.34,4.5,3.7,8.0,10.4,32.5,42.24,32.07,28.75,14.18,56.35,41.02,54.6,39.59,34.2,88.84,83.26,86.67,68.34,48.37,11.16,16.74,13.33,31.66,51.63,0.0,0.17,0.19,1.0,2.84,88,17.19
37,81,57526.0,1.68,0.2,6.21,7.8,31.59,42.82,74.4,25.6,3.11,1987,4290.0,9970.0,16932.0,14357.0,11977.0,6.21,0.71,0.95,2.11,1.37,0.1,0.0,-0.1,1.0,0.1,13.55,3.55,4.51,4.86,6.52,31.62,5.21,6.6,8.7,8.0,32.94,32.36,35.38,25.66,32.2,35.97,47.72,42.1,41.9,43.3,68.9,80.08,77.48,67.56,75.5,31.1,19.92,22.52,32.44,24.5,18.88,0.2,1.36,1.85,3.86,300,13.12
38,88,10955.0,1.62,0.9,3.68,6.5,17.9,56.75,74.65,25.35,0.64,735,319.0,2324.0,3086.0,3106.0,2120.0,2.13,0.87,1.74,2.38,1.08,1.1,0.1,1.0,1.65,0.6,4.4,3.56,3.72,3.57,3.54,8.1,5.6,6.6,7.1,5.1,14.73,24.1,19.18,10.98,19.86,54.86,57.62,52.98,56.5,61.93,69.59,81.71,72.16,67.48,81.79,30.41,18.29,27.84,32.52,18.21,1.57,0.22,0.91,0.8,0.33,91,11.02
39,67,47233.0,1.49,0.4,5.95,7.2,29.96,44.89,74.85,25.15,2.62,1668,2501.0,8573.0,13948.0,11205.0,11006.0,7.08,1.09,0.63,1.46,1.64,0.6,0.3,-0.0,0.5,0.7,15.09,4.09,4.36,4.55,5.81,36.4,6.5,5.7,7.5,8.0,26.99,31.09,34.3,29.67,24.55,38.9,45.36,44.8,42.66,48.27,65.89,76.45,79.1,72.33,72.82,34.11,23.55,20.9,27.67,27.18,22.59,1.05,0.96,1.66,2.38,236,12.39
40,111,24633.0,1.28,0.8,4.57,6.2,24.05,51.03,75.08,24.92,1.35,1096,911.0,4883.0,7373.0,6215.0,5251.0,-0.56,0.93,1.6,1.36,1.36,-0.1,0.8,1.0,0.8,1.0,4.2,3.8,4.69,5.14,4.28,2.8,5.2,7.0,7.0,5.9,31.72,22.9,23.08,26.87,21.82,59.28,53.61,50.7,46.47,53.06,91.0,76.51,73.78,73.34,74.88,9.0,23.49,26.22,26.66,25.12,1.1,0.37,1.71,1.79,1.29,79,6.72
41,81W,15700.0,1.51,0.6,4.01,6.5,22.08,53.06,75.15,24.85,1.43,699,617.0,3245.0,4832.0,4209.0,2797.0,-0.91,0.72,1.62,2.91,0.69,-0.5,0.3,0.7,1.8,0.2,2.74,3.37,3.8,4.9,2.99,1.7,4.0,7.1,9.7,4.0,36.63,21.23,22.99,18.03,24.38,58.83,63.79,49.94,42.84,60.14,95.46,85.02,72.93,60.87,84.52,4.54,14.98,27.07,39.13,15.48,0.0,0.59,0.56,3.85,0.57,53,7.05
42,72,88526.0,1.1,-0.1,5.6,7.4,37.39,37.86,75.25,24.75,2.22,2257,4921.0,15721.0,26343.0,23565.0,17976.0,5.9,0.19,0.29,2.44,0.03,0.5,-0.5,-0.4,1.2,-0.7,12.47,3.83,4.0,5.64,4.72,26.5,5.4,5.8,9.5,5.7,28.77,41.85,40.57,27.31,44.4,39.2,39.81,38.98,35.35,37.43,67.97,81.66,79.55,62.66,81.83,32.03,18.34,20.45,37.34,18.17,19.26,0.22,0.34,3.21,0.78,259,10.29
43,96,5326.0,1.7,0.4,5.36,8.2,26.44,49.06,75.5,24.5,2.23,299,123.0,1469.0,1810.0,1825.0,99.0,-0.2,0.58,0.53,3.94,0.69,-1.0,-0.5,0.1,2.2,0.5,3.46,5.28,2.96,6.64,2.22,6.48,4.6,3.9,11.7,4.04,47.15,39.48,25.52,15.89,18.18,37.4,45.68,59.78,40.99,66.67,84.55,85.16,85.3,56.88,84.85,15.45,14.84,14.7,43.12,15.15,0.0,2.18,0.11,4.66,0.0,34,10.21
44,151,90533.0,0.74,-0.0,6.25,6.8,37.8,37.8,75.6,24.4,2.28,1586,4192.0,16048.0,28554.0,25697.0,16042.0,9.69,0.82,0.11,-0.12,0.81,2.4,0.3,-0.3,-0.5,0.4,15.58,4.29,5.11,5.15,5.21,36.69,6.1,6.4,5.7,6.8,24.21,29.68,42.04,43.1,33.43,28.65,45.99,34.86,36.12,39.94,52.86,75.67,76.89,79.23,73.37,47.14,24.33,23.11,20.77,26.63,31.35,0.45,0.79,0.98,1.27,308,16.26
45,91,34495.0,1.56,0.3,4.99,7.5,28.26,47.56,75.82,24.18,2.43,1121,1085.0,7334.0,10033.0,9927.0,6116.0,-0.44,1.49,0.93,2.75,1.1,-0.7,0.2,0.1,1.2,-0.2,2.19,4.3,3.8,5.61,6.24,1.86,6.8,5.3,9.9,7.6,39.45,26.47,29.18,22.88,35.64,55.21,49.44,51.87,41.92,46.06,94.65,75.91,81.05,64.79,81.7,5.35,24.09,18.95,35.21,18.3,0.0,1.7,1.03,4.43,2.8,79,6.58
46,146,66046.0,0.72,-0.1,5.5,7.2,38.5,37.41,75.91,24.09,2.14,1683,517.0,11372.0,20176.0,19083.0,14898.0,1.82,0.93,0.72,0.37,0.99,0.4,-0.1,0.0,-0.5,0.1,4.96,5.44,4.66,6.12,5.77,6.9,7.1,6.1,7.8,8.2,30.37,37.33,35.86,43.93,36.32,39.85,39.11,41.7,31.48,37.8,70.21,76.44,77.56,75.41,74.12,29.79,23.56,22.44,24.59,25.88,3.29,2.44,1.38,2.35,2.65,224,11.75
47,29,63503.0,0.83,-0.1,5.19,6.7,37.83,38.13,75.96,24.04,1.59,1307,2688.0,10539.0,19114.0,18357.0,12805.0,4.79,0.87,0.43,0.66,0.8,0.7,0.2,-0.2,-0.2,-0.2,11.04,4.09,4.19,5.27,4.96,19.9,5.9,5.7,7.1,7.2,26.82,33.44,39.41,39.73,38.66,41.63,43.72,38.21,35.35,36.67,68.45,77.16,77.61,75.08,75.32,31.55,22.84,22.39,24.92,24.68,14.62,0.86,0.46,1.24,1.62,132,9.17
48,74,63976.0,1.13,-0.1,5.6,7.4,37.0,39.02,76.01,23.99,2.65,1774,3116.0,13026.0,18739.0,18111.0,10984.0,5.86,0.34,0.39,1.71,1.04,0.0,-0.3,-0.4,0.5,-0.1,12.39,3.81,4.03,5.97,5.2,29.15,5.1,5.6,9.6,7.6,34.72,36.68,39.45,34.82,37.41,34.6,46.46,40.56,33.37,38.14,69.32,83.14,80.01,68.19,75.55,30.68,16.86,19.99,31.81,24.45,20.92,0.48,0.59,3.48,2.19,217,10.9
49,95,60953.0,1.21,0.4,4.45,6.1,27.08,49.0,76.08,23.92,1.03,2008,2070.0,10935.0,19172.0,15809.0,12967.0,3.62,0.61,1.5,1.55,0.49,-0.2,0.1,0.8,0.7,0.1,10.55,3.63,4.14,4.13,3.98,28.0,4.9,6.9,7.1,4.6,34.44,29.56,24.63,24.76,30.27,40.39,51.73,47.52,47.13,52.53,74.83,81.29,72.15,71.89,82.79,25.17,18.71,27.85,28.11,17.21,12.46,0.34,0.79,0.75,0.5,183,8.35
50,21,58990.0,0.8,-0.0,5.15,7.1,35.07,41.06,76.12,23.88,1.67,1312,2293.0,10095.0,17996.0,16680.0,11926.0,0.03,-0.35,0.59,1.47,1.32,-1.0,-0.5,-0.1,0.7,0.2,5.19,3.69,5.53,5.34,5.14,4.8,3.6,7.1,8.1,8.0,46.62,40.95,37.34,30.01,31.49,39.25,46.73,39.21,38.95,42.34,85.87,87.68,76.56,68.96,73.83,14.13,12.32,23.44,31.04,26.17,4.27,0.38,1.5,1.77,2.4,120,8.38
51,66,120913.0,0.95,-0.4,6.0,7.6,41.3,34.85,76.15,23.85,2.56,2895,7804.0,21825.0,33806.0,34065.0,23413.0,4.92,0.79,-0.07,1.43,0.57,0.1,-0.6,-0.9,0.4,-0.4,12.55,5.67,4.59,5.36,4.92,26.6,7.1,5.6,8.7,7.0,35.07,43.27,48.08,35.47,40.23,33.8,36.32,33.92,33.22,37.55,68.87,79.59,82.01,68.69,77.78,31.13,20.41,17.99,31.31,22.22,15.39,3.36,0.85,1.79,1.14,564,16.31
52,93,33915.0,0.79,0.1,5.23,6.6,33.63,42.63,76.26,23.74,1.75,830,872.0,7136.0,11168.0,9546.0,5193.0,0.97,1.26,0.15,1.61,0.01,0.1,0.7,-0.3,0.5,-0.2,4.99,5.06,4.84,5.88,4.72,4.1,6.9,5.3,9.2,5.1,21.9,26.61,38.52,32.26,37.2,63.88,45.32,42.83,37.29,44.75,85.78,71.93,81.35,69.56,81.96,14.22,28.07,18.65,30.44,18.04,3.44,1.35,1.17,3.16,0.69,137,14.17
53,172,10122.0,0.83,0.5,5.33,6.3,28.98,47.28,76.26,23.74,1.88,752,,2781.0,4153.0,3004.0,184.0,,2.07,-0.47,1.42,1.97,,1.1,0.0,0.9,1.4,,6.31,4.12,5.52,3.02,,8.8,3.5,7.2,6.47,,27.44,34.29,23.77,17.39,,37.0,53.36,48.5,45.65,,64.44,87.65,72.27,63.04,,35.56,12.35,27.73,36.96,,3.45,0.24,2.8,0.0,138,15.51
54,J14,60141.0,0.97,0.4,4.51,5.9,31.13,45.27,76.4,23.6,1.21,1569,1720.0,12552.0,17698.0,16209.0,11962.0,1.99,0.6,0.63,1.29,1.27,0.9,0.0,-0.0,0.8,0.7,5.18,4.48,4.17,4.51,4.86,5.91,5.4,5.1,6.6,6.3,17.97,34.88,34.52,29.17,26.74,61.74,44.75,45.44,42.55,46.88,79.71,79.63,79.96,71.72,73.62,20.29,20.37,20.04,28.28,26.38,3.43,1.31,1.13,0.81,1.43,391,19.95
55,9,134820.0,0.32,-0.1,6.18,6.5,39.24,37.17,76.41,23.59,1.63,2141,10203.0,23882.0,40025.0,35035.0,25675.0,3.77,-0.07,-0.25,0.09,0.52,0.6,-0.3,-0.4,-0.2,0.3,12.91,4.72,4.95,5.33,5.58,20.9,5.8,5.8,6.5,6.7,30.29,39.91,42.48,41.1,34.59,38.87,39.85,35.4,35.12,39.54,69.16,79.76,77.88,76.22,74.13,30.84,20.24,22.12,23.78,25.87,13.83,0.34,0.41,0.92,0.85,614,22.29
56,136,5405.0,0.59,0.2,5.7,6.66,35.74,40.87,76.61,23.39,2.22,161,33.0,2673.0,6.0,2495.0,198.0,2.19,-0.27,9.82,1.67,-1.87,1.7,-0.2,6.85,0.9,-2.35,2.12,5.53,10.52,5.84,2.51,5.46,5.28,18.9,9.06,1.63,0.0,39.21,0.0,30.14,66.67,75.76,42.65,16.67,39.52,28.79,75.76,81.86,16.67,69.66,95.45,24.24,18.14,83.33,30.34,4.55,0.0,1.46,16.67,3.21,0.0,23,12.5
57,7,24001.0,1.03,0.2,4.61,6.5,31.82,44.95,76.77,23.23,1.38,649,149.0,5458.0,7450.0,6957.0,3987.0,-1.99,0.25,1.43,1.0,1.54,-1.8,-0.3,0.5,0.1,0.6,1.92,4.45,4.43,4.77,4.74,-0.08,5.2,6.71,7.2,7.6,75.17,39.15,27.65,33.2,25.56,23.49,40.82,47.18,43.87,49.11,98.66,79.97,74.83,77.07,74.67,1.34,20.03,25.17,22.93,25.33,0.0,0.75,1.21,1.57,2.28,37,5.39
58,15,46507.0,1.22,0.0,5.96,7.1,35.44,41.37,76.81,23.19,3.4,1195,2266.0,8497.0,13291.0,12875.0,9578.0,7.64,0.65,0.84,1.37,0.52,0.4,-0.3,0.1,0.2,-0.3,14.13,4.65,4.38,5.6,5.16,31.1,6.1,6.0,8.2,5.5,31.6,38.08,34.09,33.72,38.17,32.7,41.3,43.55,38.76,43.98,64.3,79.38,77.64,72.47,82.15,35.7,20.62,22.36,27.53,17.85,26.26,1.97,1.33,3.53,1.97,123,9.33
59,82,101281.0,1.0,0.3,4.99,6.2,31.7,45.14,76.84,23.16,1.55,2081,5681.0,18481.0,29173.0,27052.0,20894.0,3.7,0.69,0.94,1.22,0.36,-0.0,0.1,0.5,0.6,-0.0,12.03,4.08,3.6,4.7,4.15,21.2,5.7,5.7,7.2,4.9,33.81,32.87,29.65,30.18,34.95,42.95,46.39,47.05,42.15,45.84,76.76,79.25,76.7,72.33,80.78,23.24,20.75,23.3,27.67,19.22,15.63,0.73,0.2,1.32,0.63,385,15.61
60,77,105939.0,0.97,-0.3,6.5,7.5,39.27,37.69,76.96,23.04,3.01,2378,6351.0,20759.0,28570.0,30319.0,19940.0,3.92,0.27,0.19,2.09,0.17,-0.6,-0.4,-0.6,0.9,-0.9,12.97,4.34,5.04,6.15,7.11,26.9,5.5,5.7,9.9,5.0,41.84,39.48,43.05,29.97,46.93,34.78,42.67,37.08,35.41,37.78,76.62,82.15,80.13,65.38,84.71,23.38,17.85,19.87,34.62,15.29,14.82,1.08,1.51,3.68,2.39,379,13.75
61,55,70414.0,1.24,0.3,5.42,6.4,29.51,47.99,77.5,22.5,2.2,2142,4331.0,12846.0,21238.0,17769.0,14230.0,5.45,0.35,0.53,2.33,0.44,0.2,-0.1,0.2,1.2,-0.1,12.76,3.81,3.55,5.44,4.24,26.3,5.1,4.8,9.4,5.0,27.13,34.23,29.32,23.48,33.77,47.26,47.91,51.99,42.15,49.58,74.39,82.14,81.32,65.64,83.35,25.61,17.86,18.68,34.36,16.65,17.64,0.37,0.18,2.88,1.34,297,12.18
62,111A,8188.0,0.79,0.1,3.47,5.8,31.53,46.17,77.7,22.3,0.13,694,,2112.0,3015.0,2478.0,583.0,,1.74,0.43,0.5,0.41,,1.0,-0.0,-0.1,-0.3,,3.63,3.34,3.31,3.63,,7.1,5.1,5.2,5.8,,23.25,34.83,34.06,33.79,,46.02,45.77,46.65,46.66,,69.27,80.6,80.71,80.45,,30.73,19.4,19.29,19.55,,0.24,0.03,0.2,0.0,292,29.61
63,37,11483.0,0.59,-0.0,4.58,5.8,36.78,41.08,77.85,22.15,1.12,422,,3513.0,2960.0,4551.0,459.0,,-0.51,0.83,1.31,0.23,,-1.0,0.3,0.5,0.6,,4.46,3.76,5.09,3.17,,4.3,5.1,7.4,3.82,,49.44,29.7,32.81,24.84,,35.13,50.51,37.57,60.57,,84.57,80.2,70.38,85.4,,15.43,19.8,29.62,14.6,,0.37,0.95,1.93,0.0,31,6.84
64,24,17225.0,0.74,0.1,4.42,6.0,32.78,45.2,77.99,22.01,0.98,479,39.0,3615.0,5824.0,5949.0,1798.0,1.55,0.74,-0.06,1.2,1.77,0.5,0.4,-0.6,0.4,0.8,2.36,3.51,4.8,4.25,4.84,4.74,4.8,5.1,7.0,6.7,5.13,27.72,43.54,28.39,23.25,64.1,51.92,40.14,44.46,50.11,69.23,79.64,83.69,72.85,73.36,30.77,20.36,16.31,27.15,26.64,0.0,0.08,1.65,0.67,1.67,29,5.71
65,56,53168.0,0.54,-0.1,4.59,6.2,36.42,41.57,77.99,22.01,0.89,1176,1518.0,11770.0,14954.0,15873.0,9053.0,-0.36,0.6,0.11,0.68,1.1,-0.5,-0.0,-0.3,0.0,0.0,2.72,4.1,4.13,4.84,5.51,2.7,5.6,5.1,7.0,7.7,37.22,32.86,38.72,37.38,35.46,54.08,46.72,43.21,36.76,38.51,91.3,79.58,81.92,74.14,73.96,8.7,20.42,18.08,25.86,26.04,0.0,0.5,0.55,0.81,2.26,131,10.02
66,31,4462.0,1.09,0.4,5.51,5.8,27.39,51.05,78.44,21.56,2.29,261,,958.0,1759.0,1505.0,240.0,,0.01,1.19,1.92,-0.57,,-0.1,0.4,1.0,-0.7,,2.58,7.38,4.43,2.06,,3.3,6.3,7.6,1.9,,34.97,26.55,21.59,39.58,,53.65,49.06,50.63,57.92,,88.62,75.61,72.23,97.5,,11.38,24.39,27.77,2.5,,0.0,4.55,1.46,0.0,20,7.12
67,35,35017.0,0.79,-0.1,4.74,6.2,35.37,43.42,78.8,21.2,1.78,1137,2637.0,7475.0,9482.0,9791.0,5632.0,-0.56,0.3,0.87,1.48,0.73,-1.1,-0.5,0.2,0.3,0.2,3.52,3.9,4.14,6.05,4.37,2.6,4.8,6.0,8.1,5.6,50.47,40.2,32.55,33.57,29.78,40.27,43.32,44.97,39.28,49.64,90.75,83.52,77.52,72.85,79.42,9.25,16.48,22.48,27.15,20.58,0.91,0.86,0.59,4.32,0.99,151,11.72
68,54,64679.0,0.87,-0.2,5.54,6.2,37.17,41.68,78.86,21.14,2.09,1997,4580.0,11101.0,19671.0,16399.0,12928.0,5.61,0.11,-0.32,1.58,0.77,-0.1,-0.5,-0.8,0.8,0.0,13.04,3.68,3.56,4.86,4.6,28.1,4.7,4.1,7.9,6.1,34.0,40.46,45.33,28.21,34.44,35.81,42.71,40.8,42.03,43.8,69.8,83.17,86.12,70.24,78.24,30.2,16.83,13.88,29.76,21.76,19.56,0.2,0.13,1.45,1.34,240,10.73
69,147,60503.0,0.47,-0.1,5.08,6.1,37.85,41.22,79.07,20.93,1.66,1681,1456.0,11077.0,16886.0,18827.0,12257.0,0.26,0.77,0.55,0.56,-0.02,0.0,0.3,0.1,-0.2,-0.8,4.83,4.24,4.85,5.46,5.46,5.1,5.7,5.7,6.9,5.6,31.25,30.18,34.74,39.69,47.02,51.37,48.16,43.84,36.55,37.3,82.62,78.34,78.57,76.24,84.32,17.38,21.66,21.43,23.76,15.68,1.85,0.88,1.24,1.84,2.64,203,10.77
70,106,13933.0,1.1,0.4,4.41,6.1,23.93,55.2,79.13,20.87,1.16,943,382.0,2517.0,4713.0,4072.0,2249.0,-0.49,0.92,0.96,1.14,1.79,-0.4,0.2,0.1,0.4,1.1,1.42,3.38,4.0,5.57,4.06,1.2,5.1,6.3,6.6,5.3,31.15,22.84,26.16,27.95,11.96,68.32,58.2,52.54,49.31,65.85,99.48,81.05,78.7,77.26,77.81,0.52,18.95,21.3,22.74,22.19,0.0,0.44,0.49,1.79,2.45,112,10.62
71,8,108886.0,0.13,-0.3,6.44,6.1,41.02,38.14,79.15,20.85,2.18,1712,6083.0,21510.0,32373.0,30340.0,18580.0,5.33,0.12,-0.45,0.24,-0.73,0.1,-0.3,-0.5,0.1,-0.7,14.83,4.51,4.81,6.53,5.21,26.7,4.7,4.8,7.4,5.1,37.15,38.44,42.26,39.13,46.18,28.95,44.95,40.55,33.95,35.89,66.1,83.38,82.81,73.08,82.08,33.9,16.62,17.19,26.92,17.92,24.89,1.23,0.15,1.46,0.56,271,13.67
72,94,68873.0,0.04,-0.1,4.62,5.3,38.04,41.24,79.28,20.72,0.52,1138,2612.0,14363.0,20419.0,18556.0,12923.0,-0.34,-0.75,-0.23,0.76,0.37,-0.5,-0.6,-0.3,0.5,0.1,3.99,4.14,4.82,5.02,4.1,4.0,3.9,5.1,6.7,5.1,39.89,44.48,40.46,32.54,34.57,47.32,41.37,39.19,40.16,44.64,87.21,85.85,79.66,72.7,79.21,12.79,14.15,20.34,27.3,20.79,0.46,0.11,0.56,0.91,0.36,163,12.53
73,100,4882.0,1.1,0.5,5.05,5.1,26.49,52.93,79.41,20.59,1.76,235,101.0,1748.0,47.0,2635.0,351.0,-0.87,0.28,0.99,1.68,1.44,-1.0,0.1,0.7,0.8,0.4,1.77,3.1,1.66,5.92,5.91,0.7,3.6,3.14,6.3,3.8,48.51,28.43,8.51,25.31,21.65,47.52,57.78,78.72,48.46,60.4,96.04,86.21,87.23,73.78,82.05,3.96,13.79,12.77,26.22,17.95,0.0,0.0,0.0,2.92,2.56,38,13.92
74,34,37290.0,1.33,0.5,5.19,5.2,26.02,53.66,79.67,20.33,1.91,1804,2737.0,6234.0,11192.0,9287.0,7840.0,7.02,0.84,0.67,0.77,1.37,1.1,0.5,0.2,0.4,0.6,13.04,3.05,3.22,3.08,4.78,31.44,4.5,4.7,4.6,5.1,21.81,25.31,28.76,26.1,24.02,40.92,56.3,53.27,54.92,55.06,62.73,81.62,82.03,81.02,79.08,37.27,18.38,17.97,18.98,20.92,19.99,0.21,0.34,0.1,1.35,226,11.13
75,71,52146.0,0.46,-0.4,5.45,6.2,40.59,39.19,79.78,20.22,2.05,1535,1964.0,9432.0,16176.0,13651.0,10923.0,4.77,0.24,-0.41,1.09,0.4,0.1,-0.3,-0.9,0.1,-0.6,12.43,4.05,4.07,5.71,5.43,19.34,5.1,4.9,7.5,6.78,29.84,36.59,47.03,35.41,42.93,44.55,45.52,36.42,39.15,36.9,74.39,82.1,83.44,74.56,79.83,25.61,17.9,16.56,25.44,20.17,15.48,0.61,0.16,2.84,2.67,181,10.55
76,63,82217.0,0.86,-0.2,5.75,5.7,35.62,44.34,79.96,20.04,2.22,2247,6466.0,14775.0,25352.0,21260.0,14364.0,5.71,0.48,0.28,0.81,0.18,0.3,-0.1,-0.4,0.2,-0.4,13.35,3.96,4.19,4.33,4.76,31.5,5.0,5.1,6.2,4.6,28.5,34.06,39.97,32.14,37.89,42.68,47.13,42.33,43.63,46.85,71.19,81.18,82.3,75.77,84.74,28.81,18.82,17.7,24.23,15.26,18.16,0.72,0.99,0.61,1.17,462,17.05
77,20,80114.0,0.67,-0.3,5.65,5.9,37.49,42.78,80.27,19.73,2.09,2295,5349.0,15349.0,21279.0,23773.0,14364.0,5.73,0.22,-0.24,0.54,0.81,0.3,-0.3,-0.6,-0.1,-0.1,12.61,3.33,4.12,4.63,5.93,29.0,4.5,4.1,6.3,7.3,26.32,34.78,42.67,37.44,36.97,44.33,49.44,43.5,40.02,38.59,70.65,84.21,86.17,77.45,75.56,29.35,15.79,13.83,22.55,24.44,18.38,0.07,0.43,0.92,2.58,418,15.41
78,76,58924.0,0.43,-0.4,4.71,6.0,39.51,40.89,80.4,19.6,1.4,1444,1697.0,12283.0,17142.0,18618.0,9184.0,-0.47,-0.07,0.44,1.05,0.02,-1.1,-0.5,-0.2,-0.0,-0.7,5.3,3.62,4.65,5.23,4.7,1.2,4.2,6.2,7.6,4.9,53.03,39.75,38.81,36.67,43.72,40.66,45.71,40.86,37.66,41.09,93.69,85.46,79.67,74.34,84.81,6.31,14.54,20.33,25.66,15.19,3.18,0.21,1.03,2.38,1.37,104,6.72
79,124,10904.0,0.19,0.1,4.37,4.6,36.74,43.7,80.44,19.56,0.73,665,,965.0,3586.0,3674.0,2679.0,,-0.11,0.13,-0.11,0.78,,-0.5,0.2,-0.2,0.4,,4.43,3.24,4.8,4.94,,4.9,4.1,5.0,4.8,,44.77,34.86,41.62,29.68,,37.72,48.47,36.66,49.12,,82.49,83.32,78.28,78.8,,17.51,16.68,21.72,21.2,,0.93,0.08,1.01,1.16,41,5.81
80,52,48485.0,0.43,-0.1,4.72,5.6,35.43,45.04,80.46,19.54,1.4,1411,1771.0,9617.0,14186.0,13051.0,9860.0,-0.23,0.7,0.35,1.18,-0.58,-0.1,0.3,0.1,0.1,-0.8,2.51,4.5,4.35,5.63,4.2,2.5,6.1,5.3,8.2,3.0,30.27,31.45,33.25,33.98,45.26,62.96,46.38,45.93,40.72,44.94,93.22,77.83,79.18,74.7,90.2,6.78,22.17,20.82,25.3,9.8,0.06,0.78,0.66,3.2,0.92,141,9.09
81,125,4701.0,0.36,-0.6,5.02,6.3,42.48,38.1,80.58,19.42,1.81,226,,1821.0,85.0,2559.0,236.0,,-0.66,-2.54,1.25,-0.25,,-0.9,-1.9,-0.2,-0.3,,3.98,2.59,5.69,2.7,,3.6,-0.24,9.02,3.4,,47.56,62.35,38.73,36.86,,40.64,37.65,35.09,51.27,,88.19,100.0,73.82,88.14,,11.81,0.0,26.18,11.86,,0.6,0.0,2.89,0.0,35,13.41
82,92,33928.0,0.47,-0.4,4.48,5.8,37.82,42.78,80.59,19.41,1.2,1200,1125.0,6581.0,10151.0,10517.0,5554.0,-0.96,0.31,0.58,1.22,-0.64,-0.8,-0.3,-0.2,-0.2,-0.8,2.3,3.81,4.1,5.32,4.18,1.26,5.1,5.6,8.6,3.3,41.87,36.2,34.77,37.8,44.53,56.53,46.15,45.67,35.48,44.54,98.4,82.34,80.44,73.27,89.07,1.6,17.66,19.56,26.73,10.93,0.09,0.38,0.97,2.38,0.59,93,7.19
83,108,6612.0,1.13,0.1,4.12,6.3,26.57,54.07,80.64,19.36,1.03,346,95.0,1716.0,497.0,3042.0,1262.0,0.3,0.32,1.02,1.38,1.73,-0.1,-0.3,0.1,0.4,0.1,1.86,3.03,3.71,4.24,5.11,3.34,4.4,6.04,7.0,9.19,20.0,32.81,26.56,22.68,27.97,68.42,52.56,56.14,56.38,48.65,88.42,85.37,82.7,79.06,76.62,11.58,14.63,17.3,20.94,23.38,0.0,0.0,0.0,1.41,1.98,28,7.49
84,85,43983.0,0.87,-0.1,4.7,5.5,33.16,47.66,80.82,19.18,1.58,1364,3800.0,8311.0,11563.0,12164.0,8145.0,2.77,0.38,0.33,1.46,0.34,-0.4,-0.3,-0.1,0.6,-0.4,9.66,3.12,3.38,4.74,3.61,15.91,4.4,4.4,7.5,4.8,33.61,35.04,34.32,28.35,36.55,49.45,49.07,49.67,44.25,47.64,83.05,84.11,83.98,72.61,84.19,16.95,15.89,16.02,27.39,15.81,10.18,0.23,0.19,1.56,0.92,149,9.85
85,4,114584.0,0.09,-0.5,5.61,5.8,42.06,38.9,80.95,19.05,1.88,1958,7263.0,20203.0,35173.0,28704.0,23241.0,3.13,-0.34,-0.13,-0.1,0.06,0.3,-0.7,-0.6,-0.5,-0.2,10.43,4.29,4.97,5.47,5.23,16.5,4.4,5.9,5.8,5.4,32.62,44.21,44.47,43.33,37.91,40.27,41.43,37.05,35.55,43.2,72.89,85.64,81.52,78.87,81.1,27.11,14.36,18.48,21.13,18.9,10.82,0.72,1.24,1.45,1.57,321,14.09
86,18,29610.0,0.55,-0.2,4.29,5.5,35.43,45.55,80.99,19.01,1.26,987,133.0,5335.0,9299.0,8608.0,6235.0,1.79,1.07,0.4,0.69,0.11,0.8,0.1,-0.2,-0.2,-0.3,3.89,4.45,4.14,4.82,3.47,9.32,7.0,4.9,6.7,4.0,19.55,31.27,36.65,37.64,34.48,59.4,45.47,46.04,40.43,51.68,78.95,76.74,82.69,78.07,86.16,21.05,23.26,17.31,21.93,13.84,0.0,1.24,1.19,1.88,0.56,131,11.72
87,44,22319.0,0.43,0.2,4.31,4.9,31.64,49.41,81.04,18.96,0.65,897,638.0,3950.0,7819.0,6946.0,2966.0,-0.49,-0.68,0.65,1.16,-0.19,-0.6,-0.5,0.6,0.6,-0.4,2.84,3.35,4.26,4.79,4.27,2.2,2.6,5.2,6.3,4.0,39.34,40.25,27.45,27.54,39.14,53.29,51.62,50.07,47.87,47.47,92.63,91.87,77.52,75.41,86.61,7.37,8.13,22.48,24.59,13.39,0.0,0.05,0.31,1.18,1.28,176,16.4
88,79,137196.0,0.46,-0.4,5.62,5.7,40.74,40.36,81.1,18.9,1.92,3337,8753.0,23243.0,39493.0,36383.0,29324.0,4.98,0.1,-0.1,0.19,0.48,0.2,-0.5,-0.6,-0.4,-0.2,12.42,4.02,4.13,4.53,5.8,26.8,4.5,5.0,5.6,6.2,32.23,40.23,44.28,41.52,37.95,37.23,44.64,38.89,39.17,41.36,69.46,84.87,83.17,80.7,79.31,30.54,15.13,16.83,19.3,20.69,16.52,0.53,0.64,0.78,1.8,547,14.08
89,57,13043.0,0.53,-0.3,3.91,5.1,35.32,46.12,81.44,18.56,0.64,866,77.0,2898.0,4828.0,4065.0,1175.0,0.82,0.61,0.02,1.07,0.55,0.7,-0.3,-0.6,0.4,-0.7,1.5,3.88,3.27,3.59,6.49,3.04,5.3,4.1,5.66,6.8,10.39,33.89,41.86,26.79,43.15,79.22,47.72,43.54,49.37,39.32,89.61,81.61,85.4,76.16,82.47,10.39,18.39,14.6,23.84,17.53,0.0,0.62,0.19,0.62,2.72,64,6.88
90,192,2228.0,-0.14,0.1,4.44,4.5,35.95,45.74,81.69,18.31,0.22,83,,685.0,,1212.0,331.0,,-0.29,,0.08,-0.65,,-0.4,,0.55,-0.0,,3.93,,4.74,4.26,,4.06,,4.99,3.8,,42.04,,32.34,36.56,,43.07,,45.87,50.76,,85.11,,78.22,87.31,,14.89,,21.78,12.69,,0.15,,0.33,0.0,14,14.43
91,11,11306.0,0.12,-0.2,4.35,4.9,36.36,45.34,81.7,18.3,0.63,626,8.0,2349.0,4523.0,4014.0,412.0,-2.0,-0.24,0.05,0.41,0.25,-2.0,-0.4,-0.3,-0.0,0.0,1.07,2.8,4.67,4.77,3.41,-1.0,3.4,4.6,6.37,4.3,50.0,37.76,37.03,35.43,29.85,50.0,50.32,45.3,41.5,54.61,100.0,88.08,82.33,76.93,84.47,0.0,11.92,17.67,23.07,15.53,0.0,0.0,1.06,0.55,0.24,34,5.15
92,12,72823.0,0.66,-0.5,5.34,5.8,40.63,41.53,82.15,17.85,2.06,2063,4015.0,14025.0,21326.0,19225.0,14232.0,6.25,0.37,0.35,0.61,-0.1,0.3,-0.5,-0.5,-0.3,-0.8,13.89,3.95,3.9,4.57,3.95,34.36,5.4,5.5,6.3,4.2,28.17,40.06,41.54,39.05,45.45,42.42,42.24,40.93,41.51,41.5,70.59,82.3,82.47,80.56,86.95,29.41,17.7,17.53,19.44,13.05,22.76,0.63,0.6,1.21,0.96,245,10.62
93,119,30563.0,0.88,-0.0,6.09,5.1,31.99,50.25,82.24,17.76,2.94,1342,1848.0,5908.0,8454.0,7001.0,7352.0,10.77,0.44,0.37,0.66,-0.47,1.8,0.0,0.0,0.3,-0.3,15.26,4.12,4.02,4.24,4.39,37.1,5.2,4.5,4.6,3.7,19.43,32.72,32.35,28.48,37.47,36.69,49.92,51.09,52.86,50.49,56.11,82.63,83.44,81.35,87.96,43.89,17.37,16.56,18.65,12.04,36.63,0.64,0.96,0.94,0.49,150,10.05
94,115,24549.0,0.74,0.4,3.61,4.6,25.09,57.2,82.28,17.72,0.64,1141,1061.0,5116.0,7397.0,6074.0,4901.0,-0.37,0.07,0.71,1.14,1.2,-0.3,0.0,0.3,0.8,1.0,2.88,2.77,3.93,3.84,3.59,2.2,3.25,4.6,5.3,5.2,32.7,30.28,27.21,21.3,19.51,61.17,58.52,56.02,56.12,58.05,93.87,88.8,83.24,77.43,77.56,6.13,11.2,16.76,22.57,22.44,0.0,0.08,1.15,0.71,0.49,82,6.7
95,156,17708.0,-0.31,-0.8,4.64,5.1,46.19,36.12,82.31,17.69,0.97,563,262.0,4929.0,4208.0,6775.0,1534.0,-2.45,-0.27,0.09,-0.57,-0.07,-1.4,-0.7,-0.5,-1.2,-0.5,3.55,4.96,3.99,4.99,3.48,0.79,5.0,4.6,6.1,4.07,58.02,45.0,40.83,51.22,40.48,41.22,35.91,42.59,29.9,45.7,99.24,80.91,83.41,81.12,86.18,0.76,19.09,16.59,18.88,13.82,0.0,1.26,0.76,1.08,0.26,77,12.03
96,78,46605.0,0.0,-0.6,4.33,5.1,42.53,40.1,82.63,17.37,0.75,1276,921.0,9125.0,14452.0,13793.0,8314.0,-0.65,0.2,-0.56,0.84,-0.57,-0.7,-0.3,-1.0,-0.1,-0.8,2.23,3.84,4.04,5.11,3.78,1.7,4.8,4.3,7.4,3.4,41.04,37.87,48.89,37.74,44.71,54.18,44.47,36.82,37.45,43.85,95.22,82.35,85.7,75.19,88.56,4.78,17.65,14.3,24.81,11.44,0.0,0.36,0.21,1.79,0.48,105,7.6
97,152,55099.0,0.02,-0.6,4.4,5.1,43.0,39.89,82.89,17.11,0.99,1467,1368.0,13119.0,14121.0,17527.0,8964.0,-1.3,-0.39,-0.0,0.71,-0.49,-1.25,-0.9,-0.7,-0.1,-0.7,2.25,3.85,4.44,5.14,3.5,0.7,4.1,4.9,7.0,3.6,54.9,47.41,43.94,37.91,43.16,42.11,39.2,39.71,37.84,44.88,97.0,86.61,83.65,75.76,88.04,3.0,13.39,16.35,24.24,11.96,0.07,0.43,1.44,1.38,0.45,110,6.98
98,26,19364.0,-0.16,-0.6,4.8,5.0,43.94,39.13,83.07,16.93,1.33,383,876.0,4598.0,4681.0,6109.0,3100.0,-0.59,0.34,0.41,-0.67,-0.62,-0.5,-0.4,-0.2,-1.0,-0.95,1.82,5.57,4.02,4.71,5.22,1.6,6.0,5.2,4.8,4.8,37.56,40.39,38.22,49.4,48.87,60.39,41.8,41.76,33.9,35.48,97.95,82.19,79.98,83.3,84.35,2.05,17.81,20.02,16.7,15.65,0.0,2.68,0.98,0.67,1.55,61,13.74
99,55A,2220.0,0.08,-0.4,3.48,4.6,37.75,45.5,83.24,16.76,0.14,162,158.0,922.0,,1140.0,,-0.04,0.55,,-0.29,,-0.35,0.3,,-0.8,,3.93,3.51,,3.35,,4.96,4.7,,4.6,,37.97,28.74,,45.0,,40.51,53.15,,40.0,,78.48,81.89,,85.0,,21.52,18.11,,15.0,,0.0,0.33,,0.0,,29,15.18
100,55N,6645.0,0.52,-0.2,4.49,5.1,31.17,52.42,83.58,16.42,1.05,473,245.0,1515.0,2333.0,1835.0,717.0,-0.38,0.16,0.41,1.28,0.04,-0.0,-0.2,-0.3,0.2,-0.4,3.41,3.6,4.85,4.96,3.68,2.82,5.0,4.7,6.2,3.1,27.76,30.96,35.23,25.99,32.78,63.67,51.68,49.46,53.46,57.04,91.43,82.64,84.7,79.46,89.82,8.57,17.36,15.3,20.54,10.18,0.0,0.0,1.67,1.31,0.98,54,10.25
101,52A,29196.0,-0.1,-0.5,4.03,4.6,40.31,43.78,84.1,15.9,0.48,953,1660.0,5532.0,8143.0,8926.0,4935.0,-1.26,-1.15,-0.1,0.61,0.15,-1.1,-1.1,-0.5,-0.0,-0.0,3.22,3.26,3.83,4.6,3.92,1.6,2.3,4.68,6.2,4.3,51.99,50.07,40.98,35.65,32.79,41.63,42.48,43.35,41.15,51.45,93.61,92.55,84.33,76.8,84.24,6.39,7.45,15.67,23.2,15.76,0.18,0.07,0.23,1.09,0.36,80,7.74
102,3,91245.0,-0.29,-0.4,4.49,4.2,40.58,44.17,84.75,15.25,0.74,1654,3128.0,15335.0,26113.0,26771.0,19898.0,3.15,-0.2,-0.53,-0.37,-0.47,-0.1,-0.3,-0.5,-0.4,-0.4,11.17,3.85,3.97,4.17,3.95,21.53,4.3,3.8,4.3,3.7,36.73,38.83,42.07,40.88,40.16,35.39,45.38,44.08,43.06,46.25,72.12,84.21,86.15,83.94,86.41,27.88,15.79,13.85,16.06,13.59,16.34,0.11,0.23,0.24,0.13,271,14.08
103,87,62949.0,-0.29,-0.8,5.8,4.5,45.42,39.54,84.96,15.04,1.91,1817,4587.0,11071.0,17785.0,16687.0,12819.0,4.66,-0.86,-0.69,-0.36,-0.92,-0.5,-0.8,-0.8,-0.6,-1.0,12.96,3.72,4.52,5.31,4.29,25.2,3.0,4.3,5.1,3.7,38.39,45.74,45.68,44.49,48.53,38.09,44.26,39.65,37.09,39.0,76.48,90.0,85.33,81.58,87.53,23.52,10.0,14.67,18.42,12.47,19.08,0.25,0.35,0.98,0.59,283,13.48
104,48,4257.0,-0.01,-0.3,4.13,4.5,35.28,49.75,85.04,14.96,0.4,320,,1563.0,371.0,2282.0,41.0,,-0.18,-0.45,0.23,-3.03,,-0.3,-0.6,-0.1,-2.7,,3.62,2.33,4.65,2.03,,3.7,2.5,6.4,-0.7,,34.61,38.27,34.53,75.61,,52.27,54.99,47.63,24.39,,86.88,93.26,82.16,100.0,,13.12,6.74,17.84,0.0,,0.0,0.0,0.74,0.0,29,8.31
105,80,63813.0,-0.11,-0.9,4.8,4.6,46.14,39.13,85.28,14.72,1.51,1587,4144.0,12268.0,18683.0,16756.0,11962.0,2.61,-0.65,-0.96,0.44,0.08,-0.5,-0.9,-1.2,-0.5,-0.7,9.64,3.35,3.49,4.98,4.6,17.6,2.9,3.0,6.8,4.6,36.0,47.05,52.14,43.1,43.62,46.02,43.54,37.89,33.61,41.91,82.02,90.59,90.03,76.71,85.53,17.98,9.41,9.97,23.29,14.47,11.46,0.24,0.1,1.38,1.76,175,9.93
106,1,6463.0,0.02,-0.6,4.3,4.7,42.26,43.03,85.29,14.71,1.24,268,36.0,2475.0,149.0,3690.0,113.0,-0.92,-0.38,-0.97,0.42,-2.8,-0.35,-0.8,-0.7,-0.3,-3.0,2.62,3.94,1.39,4.6,1.89,0.9,4.3,0.8,5.61,0.2,33.33,45.94,40.94,38.67,83.19,66.67,40.97,59.06,44.34,16.81,100.0,86.91,100.0,83.01,100.0,0.0,13.09,0.0,16.99,0.0,0.0,0.28,0.0,1.98,0.0,32,10.67
107,X4,14926.0,-0.55,-0.6,4.19,4.1,42.93,42.36,85.29,14.71,0.33,314,71.0,5861.0,1496.0,7267.0,231.0,0.3,0.12,-1.69,-0.93,1.4,0.3,-0.0,-1.6,-0.8,-0.1,1.22,4.08,2.96,4.3,6.62,1.7,4.3,1.7,4.1,13.8,12.68,34.09,60.7,46.8,39.83,87.32,47.86,34.43,39.4,33.77,100.0,81.95,95.12,86.2,73.59,0.0,18.05,4.88,13.8,26.41,0.0,0.48,0.0,0.06,7.79,36,10.29
108,53A,34769.0,-0.17,-0.7,4.95,4.7,43.29,42.0,85.29,14.71,0.9,1240,2017.0,6746.0,9855.0,9323.0,6828.0,2.22,-0.83,-0.53,0.19,-0.2,-0.8,-1.0,-0.8,-0.2,-0.6,11.38,3.94,4.29,4.25,4.2,15.02,3.2,4.2,5.5,4.5,43.58,49.1,46.5,37.24,41.08,38.97,40.36,40.73,43.09,44.87,82.55,89.46,87.23,80.33,85.95,17.45,10.54,12.77,19.67,14.05,10.01,0.25,0.54,0.14,0.41,86,6.49
109,84,25918.0,-0.06,-0.6,4.14,4.3,42.01,43.6,85.6,14.4,0.79,993,398.0,5216.0,8781.0,8399.0,3124.0,-0.51,-0.09,-0.66,0.54,0.13,-0.6,-0.5,-1.0,-0.3,-0.5,2.1,3.67,3.51,4.94,4.05,2.0,4.1,3.0,5.8,4.6,33.42,39.26,47.88,38.16,41.52,62.31,47.3,42.38,42.15,42.38,95.73,86.56,90.25,80.31,83.9,4.27,13.44,9.75,19.69,16.1,0.0,0.48,0.24,1.52,0.96,65,6.14
110,90,26299.0,-0.11,-0.7,4.18,4.1,44.83,41.48,86.31,13.69,1.47,1010,851.0,5122.0,7667.0,7603.0,5056.0,-0.39,-0.22,0.4,0.02,-0.91,-0.4,-0.6,-0.6,-0.7,-1.3,1.88,2.41,5.13,4.28,3.97,1.9,2.7,5.64,5.0,3.05,34.31,38.34,43.69,45.69,53.62,61.69,53.14,38.27,37.99,36.37,96.0,91.49,81.96,83.68,89.99,4.0,8.51,18.04,16.32,10.01,0.0,0.0,2.54,1.7,1.25,61,5.7
111,49B,20566.0,-0.0,-0.9,5.18,4.0,45.39,41.61,87.0,13.0,2.14,1522,1042.0,3872.0,5643.0,5304.0,4705.0,7.95,-0.28,-0.4,0.27,-1.36,0.7,-0.6,-0.9,-0.9,-1.3,14.09,3.33,3.46,4.53,3.28,36.5,2.8,3.98,5.7,1.6,22.07,38.74,46.06,45.72,54.86,45.2,52.35,40.95,35.39,39.79,67.27,91.09,87.01,81.11,94.64,32.73,8.91,12.99,18.89,5.36,28.69,0.46,0.3,1.81,0.23,292,16.1
112,112,19948.0,0.18,-0.3,3.42,3.6,33.7,53.97,87.67,12.33,0.65,951,985.0,4241.0,5749.0,5481.0,3492.0,0.12,0.04,0.25,0.19,0.23,-0.3,-0.2,-0.2,-0.2,-0.5,2.43,2.69,3.36,3.3,4.57,2.8,3.1,3.5,4.1,3.6,28.43,31.78,32.23,35.36,37.31,62.44,57.27,55.8,49.92,50.92,90.86,89.06,88.03,85.28,88.23,9.14,10.94,11.97,14.72,11.77,0.0,0.0,0.7,0.16,2.32,66,6.49
113,134,4398.0,-1.24,-1.2,4.61,3.8,52.0,35.97,87.97,12.03,0.5,191,,2398.0,,1986.0,14.0,,-1.25,,-1.23,0.56,,-1.2,,-1.3,-0.9,,3.85,,5.38,3.71,,2.7,,5.6,4.7,,52.09,,51.96,42.86,,39.16,,32.28,14.29,,91.24,,84.24,57.14,,8.76,,15.76,42.86,,0.08,,1.01,0.0,35,15.49
114,75,42217.0,-0.34,-0.7,3.41,3.4,43.77,45.05,88.81,11.19,0.31,1274,921.0,8320.0,13495.0,11528.0,7953.0,-1.29,-0.52,-0.43,0.14,-0.55,-1.4,-0.7,-0.8,-0.3,-1.0,2.78,3.06,3.25,3.74,3.49,1.9,2.3,3.2,4.7,2.78,56.68,42.08,45.82,38.08,48.8,36.7,50.88,43.48,45.35,42.12,93.38,92.96,89.3,83.43,90.92,6.62,7.04,10.7,16.57,9.08,0.0,0.16,0.27,0.33,0.54,94,6.87
115,68,10645.0,0.02,0.0,3.52,3.26,28.12,60.74,88.86,11.14,0.5,719,507.0,2269.0,2956.0,3167.0,1746.0,-0.88,-0.47,-0.08,1.22,-1.07,-0.6,-0.3,0.1,0.6,-0.5,2.75,2.52,2.88,4.26,3.72,1.4,2.0,2.7,6.2,2.0,35.11,31.73,23.78,23.3,37.46,62.72,63.51,67.79,53.11,58.48,97.83,95.24,91.58,76.41,95.93,2.17,4.76,8.42,23.59,4.07,0.0,0.0,0.0,1.52,0.29,71,8.99
116,135,6075.0,-1.39,-1.1,5.03,3.3,51.24,37.84,89.09,10.91,1.3,226,37.0,2641.0,44.0,3058.0,295.0,-1.31,-2.21,3.39,-0.78,-1.15,-1.4,-1.6,0.95,-0.6,-0.8,0.67,3.65,4.84,5.99,3.47,-0.62,1.8,10.4,5.6,2.3,64.86,59.22,13.64,45.26,45.76,35.14,36.05,47.73,38.42,46.78,100.0,95.27,61.36,83.68,92.54,0.0,4.73,38.64,16.32,7.46,0.0,0.0,0.0,2.58,0.0,29,11.37
117,51,13866.0,-0.31,-0.6,3.09,3.2,40.94,48.33,89.28,10.72,0.04,802,87.0,2624.0,5138.0,4483.0,1534.0,-1.42,-0.78,-0.74,0.5,-0.38,-1.4,-1.0,-0.9,-0.0,-0.6,1.31,2.31,2.75,3.68,3.0,0.3,1.7,2.2,5.4,3.0,59.77,48.97,45.37,31.61,38.59,40.23,45.24,48.15,49.39,51.63,100.0,94.21,93.52,80.99,90.22,0.0,5.79,6.48,19.01,9.78,0.0,0.0,0.08,0.04,0.0,64,7.39
118,8A,24790.0,-0.32,-0.7,3.53,3.1,41.76,48.03,89.79,10.21,0.66,1055,500.0,4602.0,8072.0,5974.0,5642.0,5.91,-0.84,-0.42,-0.12,-0.5,0.3,-0.9,-0.8,-0.4,-0.6,10.83,2.83,3.4,3.22,2.55,24.31,2.19,3.2,3.7,2.5,36.2,45.94,44.67,36.74,40.0,31.2,47.78,44.51,49.92,52.76,67.4,93.72,89.18,86.66,92.77,32.6,6.28,10.82,13.34,7.23,25.6,0.17,0.26,0.1,0.02,70,6.22
119,121,4788.0,-0.91,-1.0,4.23,3.0,49.96,40.33,90.29,9.71,0.5,336,,2123.0,72.0,2593.0,,,-0.42,-3.71,-1.24,,,-0.9,-3.8,-1.1,,,4.9,2.88,3.57,,,3.1,-0.62,2.8,,,47.81,79.17,50.91,,,41.64,19.44,39.84,,,89.45,98.61,90.74,,,10.55,1.39,9.26,,,0.94,0.0,0.15,,44,11.58
120,120,4056.0,-1.34,-1.2,3.71,2.8,51.58,39.25,90.83,9.17,0.02,327,2.0,1841.0,67.0,2146.0,,-6.0,-2.34,-1.02,-0.49,,-6.0,-2.0,-0.6,-0.6,,0.0,3.49,3.28,3.69,,-6.0,1.5,3.3,4.05,,100.0,61.71,40.3,43.2,,0.0,33.68,47.76,43.8,,100.0,95.38,88.06,87.0,,0.0,4.62,11.94,13.0,,0.0,0.0,0.0,0.05,,38,10.41
121,143,3740.0,-2.04,-2.1,4.66,2.3,63.82,28.45,92.27,7.73,0.94,155,,1433.0,,2273.0,34.0,,-1.12,,-2.63,-1.71,,-1.0,,-3.0,-1.65,,2.88,,5.44,2.85,,2.28,,2.38,0.67,,49.13,,73.16,58.82,,44.94,,17.95,35.29,,94.07,,91.11,94.12,,5.93,,8.89,5.88,,0.0,,1.54,0.0,27,14.84
122,43,12504.0,-0.74,-0.8,2.6,2.1,43.94,49.78,93.71,6.29,0.02,790,249.0,2555.0,4178.0,3365.0,2157.0,-1.31,-1.13,-0.68,-0.46,-0.77,-1.4,-1.1,-0.8,-0.6,-0.7,2.46,2.3,2.51,2.39,3.3,1.6,1.7,2.1,2.5,2.6,61.04,50.84,43.51,39.41,41.68,34.94,46.38,50.53,53.19,48.73,95.98,97.22,94.04,92.6,90.4,4.02,2.78,5.96,7.4,9.6,0.0,0.0,0.07,0.0,0.0,39,4.7
